userId,movieId,rating,timestamp
16,47,3.5,1377477814
16,50,4,1377476781
16,111,4.5,1377477446
16,204,2,1377476617
17,1,4.5,1305696483
17,44,3.5,1305696245
17,47,4,1307262715
17,50,4.5,1305697013
17,110,4.5,1305696470
17,111,4,1326943208
17,150,3.5,1305696497
18,1,3.5,1455209816
18,2,3,1455617462
18,6,4,1460138360
18,16,4.5,1461311583
18,32,4,1455209840
18,34,2.5,1455617533
18,36,4,1455617478
18,47,4.5,1455050013
18,50,5,1455049343
18,70,3.5,1455735732
18,104,2.5,1455748792
18,110,4.5,1455050170
18,111,4,1458516249
18,145,3.5,1456864434
18,163,4,1455748933
18,165,4,1455209902
18,180,4,1455617692
18,208,3,1455617516
18,223,4,1455617470
18,231,2.5,1455748462
21,1,3.5,1407618878
21,2,3.5,1419795031
21,10,5,1403459783
21,19,2.5,1419795052
21,38,2.5,1419795113
21,44,1,1376822969
21,48,3,1376822924
21,145,3,1376823315
21,165,3.5,1418846918
21,170,2,1376823399
28,6,3.5,1234570483
28,16,2.5,1234570375
28,21,3,1242290535
28,23,1.5,1242290862
28,31,2.5,1234334920
28,32,3.5,1234335329
28,47,3,1235975946
28,50,3.5,1234337966
28,62,3.5,1242290542
28,95,2,1234516201
28,110,3.5,1234515793
28,145,1.5,1242290926
28,147,2.5,1242289858
28,161,3,1242032929
28,172,3,1277002294
28,211,3,1242107980
28,224,3,1234334917
46,1,5,834787906
46,10,3,834787826
46,32,4,834788094
46,39,3,834788093
46,50,5,834788094
46,110,5,834788016
46,111,4,834788094
46,153,4,834787678
46,160,4,834788146
46,161,3,834787826
46,165,4,834787677
46,173,5,834788227
46,185,4,834787906
46,208,3,834787906
46,225,3,834788016
46,231,3,834787757
47,31,3,1496205717
47,47,3,1496209354
47,62,3,1496205312
47,141,2,1496208714
47,147,3.5,1496205843
47,150,3,1496206707
48,48,4,1127128718
48,168,3.5,1127128712
48,172,3.5,1127128691
49,110,4,1493093005
50,1,3,1514238116
50,32,3,1523740563
50,111,4,1534178790
50,165,3,1514238058
58,3,3,847719397
58,5,4,847719151
58,7,5,847719397
58,19,1,847718718
58,21,4,847718718
58,22,3,847719108
58,31,4,847719088
58,32,5,847718745
58,36,4,847718991
58,39,5,847718745
58,44,2,847718960
58,47,5,847718657
58,48,3,847719035
58,50,5,847718718
58,62,3,847718910
58,110,5,847718580
58,141,3,847718894
58,150,4,847718380
58,153,3,847718434
58,161,4,847718580
58,165,4,847718433
58,168,5,847718992
58,173,2,847718818
58,185,3,847718579
58,186,3,847718910
58,196,2,847718894
58,203,3,847719177
58,208,4,847718580
58,216,3,847719308
58,218,5,847719231
58,222,5,847719271
58,223,3,847719088
58,224,3,847719065
58,225,3,847718745
58,231,5,847718462
59,10,3,953609378
59,41,5,953609923
59,105,4,953608307
59,110,2,953609098
59,111,5,953608356
60,48,3,1393541734
60,50,3,1393542060
60,60,3,1393541955
61,16,4,1145531659
61,32,4.5,1145532647
61,50,4.5,1145532639
61,173,3,1145531733
63,1,5,1443199669
63,10,3,1443201199
63,32,3,1443199999
63,34,3,1443201169
63,47,4,1443201084
63,50,5,1443199758
63,110,2.5,1443199850
63,111,3,1443199818
63,150,3,1443201072
63,153,1,1443201088
63,165,4,1443201090
63,208,2,1443201186
63,231,3,1443201105
70,36,5,1355198746
70,150,4,1355198045
71,1,5,864737933
71,7,3,864738008
71,17,1,864737933
71,24,2,864740028
71,62,4,864737933
71,86,5,864738119
71,95,4,864737933
71,160,3,864739211
71,165,5,864739931
71,208,2,864738913
72,32,4.5,1217324825
72,47,4.5,1217324851
72,50,4.5,1217324720
72,110,4.5,1217324791
72,150,4,1217324795
72,165,4,1217324886
73,1,4.5,1464196374
73,150,2,1464196379
85,53,5,889468268
86,1,4,1344082549
86,165,4,1344083044
87,60,3,1270702696
88,16,4.5,1331421395
88,50,5,1331421330
88,69,3.5,1331420307
88,223,4.5,1331421399
89,1,3,1520408314
89,11,2.5,1520408449
89,88,2,1520408790
89,104,4,1520408740
98,1,4.5,1532457849
99,10,4,829827514
99,22,4,829828005
99,23,4,829828005
99,122,4,829828005
99,145,4,829828005
99,150,5,829828005
99,153,5,829828005
99,160,2,829828005
99,161,3,829828005
99,163,5,829828005
99,165,5,829828005
99,168,5,829828006
99,196,2,829828006
99,204,1,829828007
99,225,5,829828005
99,227,3,829828005
99,228,3,829828005
99,231,5,829828005
100,3,3.5,1100183804
100,11,4,1100184041
100,16,4.5,1100185959
100,17,4.5,1100184147
100,19,1,1100183757
100,28,4.5,1100184447
100,62,4,1100185952
100,74,4,1100186732
100,89,4,1100186731
100,95,4.5,1100185961
100,104,3.5,1100183809
100,168,4.5,1100185915
100,222,4,1100184420
100,223,3.5,1100185924
101,223,4,968440895
102,3,5,840635033
102,6,3,835877535
102,21,3,835876107
102,23,3,835877570
102,39,3,835876151
102,47,5,835876045
102,150,3,835875691
102,153,3,835875790
102,158,3,835876534
102,160,3,835876194
102,161,3,835875943
102,163,3,835877307
102,165,3,835875790
102,172,3,835876471
102,173,2,835876239
102,186,3,835876384
102,204,2,835876471
102,223,5,835877270
102,231,3,835875836
103,1,4,1431954238
103,2,4,1431957270
103,5,4,1431957598
103,16,5,1450982615
103,18,5,1431969228
103,19,3.5,1431957278
103,34,4,1431957104
103,36,4,1431957252
103,48,3.5,1431957563
103,50,4,1431955220
103,60,4,1431968436
103,70,3.5,1431957632
103,101,4,1431969655
103,104,4,1431957331
103,107,3.5,1431968291
103,110,4.5,1431957016
103,111,4.5,1431957192
103,150,4,1431957022
103,158,3.5,1431957583
103,216,4,1431957990
105,6,4,1446773632
105,16,4.5,1446749417
105,32,3.5,1446571805
105,47,5,1446571714
105,50,5,1446571713
105,110,3.5,1446571835
105,111,4.5,1446571897
105,213,4.5,1446610221
105,215,4,1447579944
109,6,3,841108665
109,11,4,841108045
109,14,4,841109326
109,16,4,841108751
109,18,3,841109921
109,21,3,841107538
109,25,5,841108589
109,31,3,841108623
109,32,4,841107643
109,34,3,841107487
109,36,5,841143673
109,39,3,841107584
109,45,3,841108914
109,47,3,841107393
109,50,4,841107584
109,52,3,841109666
109,62,5,841108564
109,76,3,841151480
109,104,2,842224863
109,110,5,841106621
109,122,3,841109220
109,135,3,841142066
109,144,3,841109781
109,150,3,841106309
109,151,4,841108346
109,153,3,841106402
109,154,3,841109988
109,161,3,841106509
109,163,3,841108799
109,165,3,841106402
109,168,3,841108509
109,173,2,841107989
109,175,5,841109499
109,198,3,841109119
109,216,2,841108967
109,223,3,841108665
109,230,3,841108877
109,231,3,841106453
110,47,4.5,1175330162
110,110,3.5,1175329878
110,111,4,1175330211
110,227,1,1175329490
110,232,3.5,1175329437
111,5,3.5,1517441319
111,16,4.5,1518640768
111,24,2.5,1518640854
111,34,2.5,1516153818
111,39,4,1516153474
111,48,3.5,1518640791
111,65,3.5,1518640926
111,104,3.5,1518640683
111,145,4,1516155003
111,180,2.5,1516154589
111,193,3,1518640862
111,203,3.5,1518640918
123,47,4.5,1447291940
124,1,4,1336584336
124,50,4.5,1336412889
124,110,3.5,1336584326
124,175,4,1336409774
125,2,4,1474311709
125,81,3,1474415153
125,110,4.5,1474311613
125,208,4,1474483295
125,223,5,1474295267
138,222,5,1222676038
139,19,1,1453924016
140,1,3,942924980
140,2,3.5,1085569813
140,6,5,942843185
140,11,4,949667337
140,21,4,949666898
140,22,3,951163606
140,23,3,967049087
140,34,4,942910010
140,47,4,942842215
140,50,3,942840991
140,62,4.5,1055092420
140,86,4,942844005
140,95,2.5,1085569725
140,104,3,949667320
140,105,4,949667353
140,110,4,942903980
140,146,3,1032259081
140,150,5,942842394
140,151,4,949667175
140,161,4,949667232
140,163,3,967048969
140,164,3,967048354
140,165,4,967049233
140,185,3,1085569703
140,193,2,973800069
140,208,4,1085569730
140,210,3,1021898818
161,1,4,1176751765
161,48,4,1176498494
162,4,3,836684306
162,16,5,836511416
162,17,5,836510953
162,31,4,836511596
162,36,5,836511416
162,50,4,836511263
162,62,5,836510953
162,145,5,836511477
162,150,4,836488864
162,153,4,836511231
162,168,3,836511364
162,207,3,836684249
162,224,4,836511595
162,225,3,836511263
164,110,5,999708154
165,110,4,1046741213
166,1,5,1189980529
166,6,3.5,1190828796
166,10,4.5,1190827465
166,17,4,1190828781
166,32,4,1189038252
166,47,4,1188774624
166,50,5,1188774404
166,153,2.5,1189037942
173,10,3,843397944
173,17,4,843398078
173,110,3,843397958
173,141,4,844086238
173,150,4,843397856
173,153,3,843397881
173,171,5,844086390
174,10,3,848486985
174,11,5,848487132
174,32,3,848487101
174,34,4,848487060
174,39,4,848487101
174,50,3,848487075
174,62,1,848487212
174,141,3,848487194
174,150,5,848486904
174,153,3,848486928
174,158,3,848487249
174,160,3,848487116
174,161,3,848486984
174,165,3,848486927
174,185,5,848486984
174,186,3,848487212
174,196,2,848487194
174,224,3,848487300
174,225,3,848487101
174,231,3,848486943
176,10,5,840108984
176,39,3,840108930
176,47,5,840109138
176,110,5,840108930
176,150,4,840108527
176,153,3,840108593
176,161,4,840108983
176,165,4,840108593
176,168,5,840108893
176,231,4,840108739
177,1,5,1435533535
177,2,3.5,1435534109
177,7,1,1435534432
177,11,3,1435890660
177,16,3,1435890664
177,19,2,1435534140
177,28,2.5,1435536420
177,39,4,1435890554
177,47,4.5,1435533571
177,48,3,1435534447
177,50,4,1435523529
177,60,3,1435535258
177,104,2.5,1435890651
177,107,3,1435535166
177,150,4,1435533543
177,153,3,1435890489
177,154,4,1435536521
177,158,3,1435890757
177,161,3.5,1435533737
177,185,2.5,1435533725
177,216,2,1435534883
177,223,2.5,1435533774
183,110,5,992331285
185,1,4,1044311830
185,34,2,1044311830
185,223,4,1044311144
186,1,4,1031080831
186,2,4,1031087675
186,10,4,1031088020
186,185,4,1031080255
186,196,4,1031080284
187,16,4,1161849621
187,25,3,1161872627
187,29,4,1161849623
187,47,4,1161850486
187,50,4.5,1161849680
187,70,4,1161849108
187,97,3,1180301412
187,110,3,1161863869
187,111,4.5,1161849811
187,145,1,1161849123
187,223,4.5,1161849704
187,231,1,1161872599
188,7,4,962559461
194,48,2,1110316714
194,163,3,1110316653
194,168,3.5,1110316690
195,6,4,974705807
195,10,4,974705349
195,16,4,974705903
195,25,4,1008558673
195,32,4,974709650
195,36,4,1008558588
195,50,5,974705671
195,70,4,979858326
195,111,2,994276257
195,150,4,974709770
195,161,4,974705986
195,165,2,974709470
195,190,1,974710304
196,62,4.5,1460954240
196,104,3.5,1460954519
196,110,3.5,1460954199
196,150,5,1460954092
197,50,3,947462391
197,153,2,947462092
198,17,3,1034136028
198,24,4,1034138101
198,25,4,1034136139
198,32,5,1034135531
198,34,4,1034137414
198,36,5,1034136028
198,47,5,1034136177
198,50,5,1034136008
198,58,5,1034137364
198,66,1,1034135137
198,104,3,1034207438
198,105,4,1034137243
198,110,3,1034136119
198,172,4,1034138273
198,185,4,1034138131
198,198,4,1034138064
198,215,5,1034138495
200,1,3.5,1229886312
200,5,4,1229876436
200,10,4.5,1229887453
200,19,3.5,1229877095
200,34,2.5,1229877775
200,39,5,1229886362
200,47,4,1229885752
200,62,3,1229886642
200,104,4.5,1229887243
200,110,4.5,1229886082
200,150,4,1229885978
200,165,4,1229886183
200,215,1,1229878061
203,31,3.5,1390094511
203,110,5,1390094654
204,47,5,1327182956
206,1,5,850763267
206,7,4,850763310
206,14,4,850763367
206,17,5,850763267
206,25,5,850763267
206,32,3,850763267
206,36,5,850763310
206,58,5,850763367
206,62,4,850763267
206,95,3,850763267
206,140,4,850763402
206,141,4,850763267
207,100,3,1258548270
208,10,2,940639452
208,110,4,940639310
208,198,2,940639375
210,153,3.5,1527266231
211,50,4,1350912267
218,172,2,1111624826
219,1,3.5,1194681084
219,2,2.5,1194740185
219,6,3.5,1198783144
219,10,4.5,1194932162
219,19,2.5,1194932235
219,21,3.5,1199581468
219,32,3.5,1194686177
219,44,1.5,1195349252
219,47,3.5,1194686017
219,50,5,1194685882
219,65,1,1198782611
219,95,1.5,1198782277
219,104,3.5,1200977947
219,112,3.5,1195349033
219,150,4,1194932007
219,153,2.5,1194931838
219,165,4.5,1194827009
219,172,2.5,1195348987
219,173,2.5,1194740168
219,180,3,1195700741
219,185,2,1237238892
219,208,2,1194740092
219,223,4,1194686730
219,231,1.5,1194740545
221,2,3.5,1111177796
221,29,4.5,1119984574
221,32,5,1111177792
221,50,4.5,1118246575
221,58,4.5,1111176234
221,101,4.5,1111178274
221,104,2.5,1111176006
221,111,5,1118246754
221,141,4.5,1111177799
221,154,4,1111178266
221,162,4.5,1119984613
221,215,4.5,1111178241
232,1,3.5,1076955621
232,2,4,1085351710
232,10,3,1218167397
232,39,3,1182909940
232,47,4.5,1241823324
232,48,2.5,1218169473
232,104,3.5,1182908245
232,110,4.5,1182908701
232,145,3.5,1218166300
232,150,4.5,1101397575
232,165,3.5,1218166156
232,185,3,1218167110
232,231,3,1218178208
235,10,2,841422389
235,11,4,841422530
235,21,4,841422461
235,25,5,841422634
235,32,4,841422499
235,34,4,841422446
235,36,4,841422650
235,39,3,841422477
235,48,3,841422615
235,62,5,841422615
235,110,4,841422410
235,150,5,841422308
235,153,3,841422330
235,161,3,841422371
235,186,3,841422557
235,208,1,841422389
235,223,4,841422667
235,224,3,841422634
237,32,5,1411233598
237,50,2.5,1410631753
238,163,4,1007931897
239,1,4,1221158265
239,6,5,1221158564
239,11,5,1221159019
239,16,4.5,1221159148
239,20,3.5,1221147484
239,21,4,1221158640
239,23,3.5,1221147477
239,32,5,1221159452
239,47,5,1221158250
239,50,4.5,1221158083
239,95,3.5,1221158503
239,104,3.5,1221159059
239,110,4.5,1221148034
239,163,4.5,1221866504
239,208,2.5,1221158495
239,231,3.5,1221158416
248,10,3.5,1534591944
249,1,4,1347317775
249,2,4,1353800871
249,19,3.5,1354107358
249,20,3.5,1355366891
249,32,5,1346752537
249,47,5,1346757700
249,48,3,1346752050
249,50,4,1364546154
249,70,4,1355677606
249,89,3.5,1370785235
249,101,3,1388146126
249,104,3.5,1353801000
249,110,5,1346841413
249,111,4.5,1346757621
249,122,3,1354225894
249,145,4,1346756422
249,150,2.5,1346755246
249,151,4,1357685694
249,158,3,1346752055
249,208,3.5,1353801005
251,47,5,1470677268
251,111,4.5,1470676898
252,1,4.5,1498284904
253,29,4.5,1286643322
254,1,4.5,1180446553
254,32,4.5,1180446451
254,47,4.5,1180447550
254,50,4.5,1180564704
254,79,2,1180443477
254,110,4,1180446383
254,150,4,1180446349
254,207,2,1180443598
255,34,1,1005717433
255,223,2,1005717313
256,18,5,1447000271
256,163,4,1447000076
256,170,4.5,1447000182
256,172,4,1447000115
256,173,5,1447000069
256,204,4.5,1447000188
257,7,1,1141625546
257,16,3.5,1141625441
257,112,3.5,1141625616
276,1,4,858350384
276,2,4,858351189
276,5,3,858350427
276,7,4,858350645
276,12,4,858350757
276,19,4,858351186
276,62,5,858350385
276,88,5,858350816
276,104,5,858350672
276,135,4,858350702
276,150,5,858351214
276,231,4,858351184
277,1,4,861812794
277,32,5,861812794
277,62,2,861812794
277,65,3,861812976
277,95,3,861812794
277,104,4,861812866
277,112,3,861812866
278,50,5,1193753316
278,203,4,1193753220
279,1,3,1506394495
279,50,3.5,1506394189
279,104,3.5,1506395518
279,110,4,1506394381
290,1,4,975031464
290,11,4,974943069
290,24,3,975032355
290,25,4,974942930
290,34,4,974942304
290,36,4,975031318
290,50,4,975031748
290,111,5,975030622
290,129,2,974937943
290,150,4,974942273
290,188,3,974943091
290,227,3,975030517
290,230,3,974943209
291,1,4,1453051567
292,1,4,1219625000
292,10,3.5,1219625069
292,19,1.5,1442099069
292,32,2,1019516667
292,34,3.5,1219625047
292,62,3,1293563062
292,110,2.5,1265679516
292,111,2,1265680159
292,153,3,1265680404
292,161,4,1323631927
292,165,3.5,1219625030
292,231,2,1219625064
296,50,5,1532993858
296,110,5,1532993855
297,6,5,900871748
297,22,2,900871989
297,47,4,900871748
297,50,5,900871748
297,70,2,900871989
297,79,1,900872461
297,95,1,900872461
297,100,1,900872461
297,111,3,900871829
297,150,3,900872083
297,161,2,900872237
297,164,2,900872213
297,165,3,900872180
297,170,1,900875950
297,172,1,900875950
297,185,1,900874537
297,225,3,900875462
298,1,2,1447518257
298,2,0.5,1450452897
298,16,4,1447597782
298,32,4,1450369288
298,47,4,1447518037
298,50,3.5,1447516828
298,104,3.5,1447584503
298,110,3,1447518054
298,111,3,1447518023
298,153,2,1453033369
298,163,2.5,1479057529
298,165,3,1447597832
298,173,2,1450452543
298,180,3.5,1447584665
298,208,2.5,1476642940
298,216,3,1449757372
298,223,4,1447584437
298,231,2.5,1447584441
302,3,3,854472084
302,14,4,854472122
302,17,5,854472022
302,21,4,854473184
302,25,5,854472022
302,32,3,854472021
302,36,4,854472084
302,47,5,854473264
302,58,5,854472122
302,95,3,854472021
302,110,4,854473187
302,141,5,854472021
303,16,2.5,1053302761
303,32,3.5,1053303318
303,168,3,1053302840
304,1,5,881428344
304,2,4,891173962
304,7,4,881428370
304,10,4,891173528
304,11,5,891173135
304,13,4,913327439
304,17,3,891174111
304,21,4,896268435
304,32,4,881427991
304,36,1,881428195
304,46,5,911720227
304,58,4,899026578
304,60,1,891174024
304,62,5,881427812
304,73,4,920884193
304,81,4,947050233
304,86,5,880915450
304,105,3,947131745
304,110,5,891172978
304,112,1,881428111
304,135,4,881428422
304,141,3,881427846
304,150,5,880915486
304,151,4,929868738
304,153,3,891173670
304,165,4,891173528
304,168,4,891173670
304,172,2,896006328
304,173,3,933714862
304,185,4,891173670
304,208,4,891173703
304,222,3,936219523
304,224,5,891173384
305,2,3.5,1460136227
305,6,3.5,1460222104
305,16,4.5,1460136042
305,25,3,1518197993
305,32,5,1460222250
305,34,3,1460136295
305,47,4,1460135569
305,50,5,1460134079
305,70,5,1494259450
305,145,4,1494246524
305,163,5,1460304958
305,185,4,1490211204
305,223,4,1512203859
305,231,1,1460563682
309,50,4.5,1126451972
310,16,1,1078647827
310,58,4.5,1078647847
310,104,2,1078649269
310,216,2,1078649290
311,16,2.5,1057854247
311,40,3.5,1057854804
317,6,5,1430532917
317,16,5,1430598211
317,32,4,1430361493
317,47,5,1430361508
317,50,5,1430361374
317,97,3,1430598706
317,110,5,1430364906
317,111,5,1430597309
317,150,3,1430366041
317,223,4,1430366031
318,2,3.5,1270753195
318,6,4,1347180277
318,18,3,1426353075
318,19,3.5,1262805276
318,29,3.5,1413627585
318,32,4.5,1263848497
318,47,4,1433139531
318,48,3.5,1275844835
318,72,4.5,1417278807
318,97,4.5,1419694783
318,123,4.5,1442351313
318,145,3.5,1263848636
318,153,3,1275475349
318,154,3,1419695340
318,159,4,1419081097
318,162,3.5,1333827211
318,165,3.5,1256504427
318,176,3.5,1518992145
318,204,3.5,1276200262
318,208,3.5,1261342696
318,223,4.5,1233955777
321,2,5,843212595
321,3,3,843212762
321,5,3,843212719
321,19,3,843212522
321,21,3,843212550
321,24,4,843212762
321,141,4,843212595
321,150,4,843212359
321,153,5,843212390
321,158,3,843212662
321,160,4,843212741
321,161,3,843212458
321,165,3,843212390
321,186,4,843212681
321,208,3,843212475
321,225,4,843212509
321,231,3,843212424
322,1,3.5,1217676206
322,2,3,1217676495
322,10,4,1217676313
322,11,4,1217676534
322,47,4,1217676246
322,50,4,1217675827
322,110,3.5,1217676197
322,150,4,1217677389
323,1,3.5,1422640363
323,2,4,1422640110
323,17,3.5,1422640288
323,19,2.5,1422640116
323,22,3,1422640551
323,29,3.5,1422640570
323,32,2.5,1422640375
323,34,2.5,1422640415
323,36,3.5,1422640290
323,48,3.5,1422640448
323,50,4.5,1422640061
323,60,3,1422640654
323,62,2.5,1422640114
323,105,3,1422640550
323,110,2,1422640359
323,150,3.5,1422640367
323,151,3.5,1422640471
323,153,2,1422640395
323,158,3,1422640453
323,161,4,1422640265
323,172,1.5,1422640468
323,173,3,1422640199
323,203,3,1422640680
323,208,2.5,1422640245
323,230,3,1422640640
325,6,4,1039398204
325,19,2,1039395714
325,22,3,1039397193
325,29,4,1039398353
325,30,4,1039399501
325,32,4,1039396494
325,58,4,1039395583
325,80,4,1039397611
325,104,2,1039395952
325,111,5,1039395609
325,183,4,1039396567
325,190,5,1039398384
325,193,3,1039396665
325,194,5,1039396793
325,223,3,1039395636
325,230,4,1039396049
326,20,3.5,1322250792
326,47,4,1419880411
326,50,2,1322867550
326,97,3.5,1443983581
326,110,5,1322251233
326,165,4,1419880408
331,10,3,1537157573
331,34,2,1537157568
331,50,5,1537157516
332,1,4,1352672340
332,16,3.5,1352673555
332,32,2.5,1352671273
332,47,4,1352672211
332,50,4,1352671786
332,110,3.5,1352673472
332,111,4,1352671838
332,150,3.5,1352673605
332,208,2,1352673137
334,1,3.5,1225477466
334,10,3.5,1234629982
334,47,2,1234629901
334,104,3.5,1237060406
334,231,3.5,1225477886
337,1,4,860255715
337,3,4,860255784
337,5,4,860255784
337,6,5,860255784
337,7,3,860255784
337,9,5,860255929
337,12,3,860255992
337,14,3,860255866
337,16,4,860256120
337,17,4,860255716
337,24,5,860256119
337,25,4,860255716
337,27,5,860256159
337,31,5,860256120
337,32,4,860255715
337,36,4,860255783
337,41,3,860255992
337,47,5,860256118
337,50,3,860256158
337,62,3,860255716
337,65,3,860255929
337,66,4,860255992
337,74,5,860255992
337,76,5,860256043
337,79,4,860255867
337,95,5,860255716
337,100,3,860255992
337,104,5,860255830
337,107,3,860255992
337,110,5,860256119
337,112,3,860255830
337,135,4,860255867
337,141,3,860255716
337,145,4,860256119
337,168,4,860256119
337,191,5,860256159
337,193,4,860256159
338,50,4.5,1530148314
339,1,4,1460183470
339,6,4,1460345729
339,16,4.5,1460794139
339,32,3,1460518918
339,47,4.5,1460186377
339,111,4,1460518498
339,150,4,1460182140
342,24,3,1042822170
342,223,5,1042821962
343,50,4.5,1202061253
344,110,4.5,1420497375
345,11,2.5,1342828883
345,32,3.5,1342827269
346,17,4,1155066710
346,47,3.5,1172693170
346,50,4,1125857414
346,111,4,1094646949
347,1,5,847645986
347,2,3,847645925
347,10,4,847645690
347,11,4,847645925
347,19,4,847645789
347,32,3,847645812
347,34,4,847645761
347,39,4,847645812
347,47,3,847645738
347,110,3,847645690
347,150,4,847645537
347,153,3,847645591
347,160,3,847645839
347,165,3,847645591
347,185,3,847645690
347,208,3,847645690
347,231,4,847645635
348,50,5,1378850183
348,111,5,1378850748
359,1,4,1198112023
359,2,3.5,1198112829
359,34,2.5,1198112136
359,58,4.5,1198113196
359,150,3.5,1198111999
359,224,3.5,1198113804
361,10,3.5,1204045505
361,70,2,1204046026
361,145,3.5,1204047769
361,150,3,1204045255
361,231,3.5,1204045485
362,6,4,1530637587
362,16,4,1530640994
362,31,4,1530642798
362,47,4.5,1530640109
362,50,3.5,1530637009
362,70,4,1530637651
362,110,4,1530640073
362,111,5,1530640247
369,19,4,1237081519
369,47,3.5,1237083091
369,150,3,1237081911
369,165,3.5,1237082662
369,185,3.5,1237082966
369,216,3.5,1237081593
370,39,3.5,1159162930
370,47,3.5,1159162973
370,50,4.5,1159161956
370,112,3.5,1159161782
370,223,4.5,1159162033
371,48,4.5,1407691602
383,150,4,943571045
384,60,4,994038823
384,223,4,996440857
385,1,4,834691642
385,6,3,840648313
385,10,3,834691622
385,14,3,834692097
385,16,3,834691914
385,21,5,835118614
385,25,3,834691845
385,32,4,838323677
385,45,3,837949548
385,50,3,834691694
385,62,3,836844635
385,68,3,865024733
385,85,3,844794767
385,94,4,847137503
385,95,3,834691768
385,112,3,844794864
385,150,5,834691537
385,153,3,834693538
385,172,3,834691790
385,194,1,836844300
385,196,3,834693466
385,198,4,834692076
385,206,2,839867522
385,215,3,838323748
385,224,4,834693485
386,6,3,842613783
386,10,3,842610246
386,16,4,842613849
386,20,2,842614033
386,21,4,842610304
386,22,3,842613867
386,25,2,842613763
386,32,3,842610360
386,34,4,842610286
386,39,3,842610325
386,44,2,842613763
386,45,3,842613904
386,47,3,842610286
386,50,3,842610344
386,110,3,842610269
386,112,4,842613980
386,153,2,842610183
386,160,3,842610344
386,161,3,842610246
386,163,4,842613831
386,165,2,842610183
386,172,2,842613773
386,173,2,842613693
386,185,1,842610246
386,196,2,842613737
386,198,2,842614019
386,204,1,842613737
386,208,2,842610246
386,223,3,842613794
387,10,3.5,1094938515
387,11,2.5,1117415000
387,29,3.5,1094875272
387,31,2.5,1094939853
387,32,3.5,1094876449
387,39,2.5,1095040527
387,44,1,1182720368
387,45,2.5,1094877493
387,47,4.5,1094876919
387,50,4.5,1094876246
387,63,2,1095042100
387,70,3.5,1183536308
387,71,1.5,1150877466
387,97,4.5,1199607279
387,104,2,1095040613
387,110,3.5,1095040466
387,111,4.5,1094876158
387,122,2.5,1094939839
387,125,2.5,1094877092
387,141,2,1117414943
387,147,2.5,1154367947
387,153,3,1094938517
387,154,4,1154939034
387,162,4,1157086667
387,163,4,1094938524
387,170,3,1117414894
387,175,4,1094939806
387,177,3,1179199967
387,193,2,1094939818
387,223,4,1094877235
387,231,2.5,1095040493
389,1,5,857934174
389,5,4,857934242
389,6,5,857934242
389,9,3,857934552
389,17,4,857934174
389,25,4,857934175
389,32,4,857934174
389,62,5,857934174
389,65,4,857934553
389,95,4,857934174
389,104,4,857934308
389,112,3,857934308
389,140,5,857934552
389,141,5,857934174
390,110,4,1250339216
391,1,3,1032388077
391,6,4,1030944221
391,10,3,1030944309
391,25,5,1030827466
391,29,5,1030826859
391,32,4,1030826859
391,34,3,1032389962
391,47,3,1030944178
391,50,4,1030827636
391,58,4,1030827343
391,70,1,1030944454
391,110,5,1030945408
391,111,5,1032388078
391,150,4,1032390066
391,154,4,1032388476
391,157,3,1031030792
391,165,2,1030944490
391,199,4,1032648830
391,223,4,1030825064
391,232,2,1032389024
393,110,4,1430505977
394,34,3,838994398
394,50,5,838994626
394,110,5,838994356
394,150,3,838994123
394,153,3,838994173
394,185,3,838994311
394,208,1,838994311
394,225,4,838994460
395,2,3,841503884
395,10,3,841503555
395,34,3,841503656
395,48,2,841504003
395,60,3,841505041
395,95,3,841503940
395,110,4,841503580
395,126,2,841505382
395,158,3,841503965
395,160,4,841503793
395,165,3,841503441
395,168,3,841503984
395,172,4,841503965
395,173,4,841503843
395,181,1,841505523
395,208,5,841503555
395,231,3,841503488
396,1,5,1111688626
396,44,2,1111688564
396,45,3,1111688518
396,50,4,1111688630
396,204,0.5,1111688575
397,123,5,1181966712
397,232,4.5,1181966557
398,32,5,1311207513
399,1,4,1167220428
399,110,3,1167220367
400,6,5,1498870480
400,47,5,1498870391
400,50,5,1498870285
401,1,3.5,1510450550
401,48,2,1514347122
402,5,3,849598135
402,9,3,849598259
402,25,3,849598104
402,36,3,849598135
402,47,3,849654599
402,52,3,849598217
402,61,5,849598453
402,95,4,849598075
402,112,4,849598177
402,145,3,849654373
402,165,5,849601250
402,204,4,849601504
403,47,5,1225243620
403,110,5,1225243634
403,180,4,1225243348
404,11,4,838376006
404,17,4,838376049
404,21,3,838375894
404,34,4,838375864
404,36,3,838376195
404,47,3,838375864
404,62,4,838376141
404,105,3,838376177
404,110,4,838375832
404,141,4,838376079
404,151,3,838376027
404,161,4,838375784
404,165,3,838375720
404,172,3,838376079
404,185,4,838375811
404,193,3,838376177
404,196,3,838376027
404,204,3,838376079
404,208,4,838375811
404,224,3,838376141
405,16,4,1295916006
405,25,4,1299377952
405,32,4.5,1295910764
405,70,4,1295917097
405,110,4,1295913228
405,111,4.5,1298419980
405,193,3.5,1295925658
405,208,4,1295912225
405,224,3.5,1295932380
406,135,4,1296959291
408,10,4.5,1467913128
408,19,3.5,1469521999
408,44,3.5,1484264475
408,165,3.5,1469138655
410,3,4,990910830
410,11,3,990910298
410,21,3,990910575
410,52,4,990910213
410,58,4,990807791
410,111,3,990807684
410,154,4,990729131
410,164,3,990909417
411,1,5,835532155
411,2,4,835532398
411,4,2,835533021
411,7,3,835533471
411,10,3,835532065
411,11,4,835532370
411,21,4,835532191
411,22,3,835532644
411,31,4,835532539
411,34,4,835532191
411,46,2,835533337
411,47,4,835532191
411,50,3,835532221
411,52,2,835533198
411,62,5,835532559
411,105,3,835532539
411,110,4,835532155
411,111,4,835532253
411,122,2,835533021
411,150,5,835531951
411,151,4,835532370
411,158,3,835532449
411,159,3,835533319
411,160,3,835532253
411,161,4,835532066
411,165,3,835531994
411,170,3,835532928
411,180,2,835533423
411,185,4,835532100
411,191,3,835533357
411,194,3,835533161
411,204,3,835532418
411,208,4,835532100
411,216,3,835532839
411,218,3,835532747
411,223,4,835532559
411,224,1,835532508
411,225,4,835532191
411,227,3,835532644
411,230,4,835532728
411,231,2,835532031
412,1,2,939114353
412,17,5,939136944
412,34,5,939114265
412,47,3,939114573
412,162,4,939114868
413,16,5,1484440002
414,1,4,961438127
414,2,3,961594981
414,3,4,961439278
414,5,2,961437647
414,6,3,961515642
414,7,3,961439170
414,8,3,961594849
414,10,3,961515863
414,11,5,1052148205
414,15,2,961514611
414,16,3,961517557
414,17,4,961513829
414,18,3,961682128
414,21,4,961438199
414,22,3,961518227
414,23,2,961682276
414,24,3,961436964
414,25,3,961517140
414,27,2,961518812
414,31,3,961518520
414,32,5,961514667
414,34,5,961438127
414,36,3,961516989
414,39,4,961438265
414,42,2,961515844
414,44,2,961516249
414,45,3,961438476
414,46,2,961514407
414,47,4,961681857
414,48,3,961437741
414,50,5,961681714
414,52,3,961438413
414,54,1,1027521065
414,57,3,961517912
414,62,4,961517885
414,65,2,961439623
414,71,2,961515844
414,72,4,961438532
414,75,1,1027521022
414,78,3,961518581
414,81,2,961514568
414,86,3,961437096
414,88,2,961439433
414,89,3,961515928
414,92,2,961518731
414,94,5,961517421
414,95,2,961515958
414,101,4,961438199
414,104,4,961438762
414,107,3,961438502
414,110,5,961512475
414,111,5,961516639
414,112,3,961515844
414,118,2,961439170
414,119,3,961438609
414,122,2,961438911
414,125,4,961438413
414,135,2,961439433
414,141,4,961595919
414,144,4,961438662
414,145,2,961515844
414,147,4,961517665
414,150,4,961517162
414,151,5,961512525
414,153,2,961439358
414,155,2,1073681117
414,157,4,961512629
414,158,2,961681395
414,159,2,961518394
414,160,1,961515392
414,161,3,961512495
414,162,4,1000734091
414,163,4,961514335
414,165,3,961515958
414,166,3,961438936
414,168,2,961514438
414,170,3,961516154
414,172,3,961515451
414,173,3,961515451
414,174,1,961439623
414,175,4,961518394
414,176,4,961438221
414,179,2,961514335
414,180,4,961438662
414,185,2,961515354
414,188,4,962371905
414,191,2,961518812
414,193,2,961437722
414,196,3,961515354
414,198,3,961514795
414,205,3,961438413
414,207,3,961514438
414,208,2,961516318
414,209,4,961518195
414,210,3,961513509
414,215,4,961513678
414,216,3,961439379
414,218,2,961439052
414,222,4,961514135
414,223,5,961436616
414,224,4,961513997
414,225,2,961518277
414,228,1,961439623
414,230,3,961517975
414,231,3,961439079
415,47,4,1382470301
415,50,4.5,1382469955
415,111,4.5,1382470177
415,141,4,1382470382
415,150,4,1382470263
415,175,4,1382469687
415,223,4,1382470378
416,170,2.5,1187495264
417,47,5,1532134167
418,50,4.5,1461865740
418,111,4.5,1461866063
419,10,3.5,1321659128
419,47,4,1321659049
419,50,4,1321854706
419,104,4,1321757450
419,110,4,1321659432
419,111,4,1321659216
419,175,4,1321853539
419,231,3,1350347590
420,1,4,1218207191
420,32,3.5,1218047864
420,73,4,1218036406
421,73,4,1311494239
422,1,4,986173307
423,104,3,1155285432
423,110,4,1155285864
423,150,5,1155285857
424,32,3.5,1457901858
424,47,5,1457842442
424,50,5,1457842255
424,111,4,1457902773
424,141,3,1457844358
424,147,3.5,1457901610
424,175,4.5,1457901657
424,223,3.5,1457844055
425,2,3,1085477682
425,6,4,1085477536
425,10,3,1085477406
425,32,4,1085477320
425,34,3.5,1114173653
425,36,3,1085477524
425,47,4.5,1085477391
425,50,4.5,1085477355
425,58,3.5,1085490369
425,70,4,1085490625
425,95,2.5,1085477510
425,105,3,1085476661
425,110,4,1085477194
425,141,4,1085477484
425,145,3.5,1085490786
425,150,3,1085477188
425,159,4.5,1114173449
425,160,3,1085477763
425,161,3.5,1085477450
425,165,3.5,1085477334
425,172,3.5,1085490456
425,180,3,1114173422
425,196,3.5,1085490386
425,208,4,1114173719
425,231,3.5,1085477427
426,2,4.5,1451080838
426,31,5,1451080848
426,47,0.5,1451081886
426,150,3.5,1451081002
427,16,4,1053068794
427,58,2,1053071377
427,110,4,1053071562
427,151,3,1053068904
428,9,2,1111524871
428,19,1,1111523373
428,22,2.5,1111487500
428,44,2,1111623964
428,69,3.5,1111524882
428,70,3,1111524672
428,95,2,1111524678
428,104,3,1111623768
428,110,2.5,1111523269
428,145,2.5,1111487542
428,150,2,1111489662
428,160,1.5,1111523942
428,163,3,1111487458
428,165,1,1111489756
428,168,2,1111524686
428,169,0.5,1111489924
428,173,3,1111489264
428,180,4,1111487767
428,208,2.5,1111523337
428,216,3,1111623970
428,223,4,1111487769
428,231,2,1111623767
431,158,1,1267051813
431,163,3,1267051787
431,172,2,1267051837
432,1,2.5,1316391457
432,2,4,1316391739
432,19,2,1316391760
432,25,4.5,1315243647
432,36,3.5,1316391708
432,47,4,1315244565
432,50,3,1315243055
432,110,4,1315245004
432,153,3.5,1316391541
432,165,2,1316391524
432,168,4.5,1315242983
432,185,4.5,1316391649
432,193,3,1315242265
433,47,3,1506823900
433,50,5,1506823884
433,110,3,1506823887
434,1,4,1270604402
434,2,2.5,1271039378
434,6,4,1270603905
434,10,3.5,1270606683
434,32,3.5,1270604323
434,34,3.5,1270604933
434,39,3,1270606827
434,47,4,1270603499
434,95,2,1270606732
434,110,4.5,1270604574
434,111,5,1271039079
434,112,2.5,1270602297
434,150,5,1270604631
434,163,3,1270602276
434,208,2.5,1270606633
434,230,2.5,1270602435
434,231,4,1270604904
435,48,4,1366675847
435,50,4,1366676016
435,158,4,1366675860
435,163,3.5,1366675838
435,216,5,1366675921
436,1,4,833529571
436,2,4,833529751
436,8,3,833530760
436,34,5,833529621
436,48,4,833529821
436,60,3,833530067
436,145,3,833529977
436,150,4,833529409
436,158,3,833529775
436,161,4,833529549
436,165,3,833529489
436,169,3,833530110
436,174,2,833530268
436,203,3,833529977
436,204,3,833529751
436,227,3,833529889
436,231,1,833529522
437,5,2,859721015
437,6,5,859721015
437,9,3,859721103
437,14,3,859721080
437,16,5,859721743
437,17,4,859720978
437,25,4,859720978
437,31,4,859721815
437,32,4,859720977
437,36,4,859721015
437,43,3,859721556
437,47,4,859721361
437,50,4,859721362
437,52,4,859721046
437,62,3,859720978
437,78,3,859721693
437,79,2,859721080
437,81,3,859721790
437,86,3,859721170
437,95,1,859720977
437,110,4,859721362
437,112,3,859721045
437,125,5,859722136
437,141,3,859720977
437,144,4,859721525
437,150,4,859721362
437,151,3,859721432
437,153,1,859721584
437,155,4,859721662
437,159,3,859721610
437,168,2,859721840
437,175,5,859721662
437,176,5,859722162
437,194,4,859721399
437,198,3,859721525
437,207,4,859721766
437,211,4,859721610
437,222,4,859721815
437,223,5,859722193
437,225,3,859721399
438,1,4.5,1105650469
438,6,5,1105664272
438,10,4,1105664201
438,11,4,1105668426
438,19,3,1105666629
438,21,3.5,1105666251
438,32,4,1105666143
438,44,3,1105667144
438,62,4,1105649800
438,70,3,1105762813
438,71,2,1105664825
438,95,3.5,1105666265
438,104,4,1105649487
438,110,4.5,1105666133
438,112,3.5,1105649510
438,135,3,1105667348
438,140,3.5,1105667333
438,141,4,1105666243
438,145,5,1105650060
438,150,4,1105650458
438,153,3,1105666167
438,165,4,1105649809
438,168,3.5,1105667020
438,170,4,1105670474
438,173,2.5,1113763592
438,180,4,1105667381
438,185,2,1105666240
438,186,3,1105667014
438,193,1,1105667336
438,208,3,1105666261
438,216,3,1106189341
438,223,3.5,1105829426
438,225,2.5,1105829435
438,227,3,1105670776
439,110,3.5,1436943893
440,29,4.5,1237569069
440,193,3.5,1237568713
440,194,2.5,1237568882
441,10,4.5,1449070452
441,47,4.5,1451166486
441,104,3.5,1449070905
441,208,4,1449070455
443,1,4,1501722482
443,110,4.5,1501722477
444,6,4,832677558
444,16,4,832678415
444,21,4,832670075
444,47,4,832670399
444,50,5,832670838
444,58,5,832679295
444,97,5,839310140
444,100,3,839310140
444,110,4,832670075
444,111,5,832671475
444,173,2,832671553
444,185,3,832669862
444,208,3,832669862
444,231,1,832669130
445,17,3.5,1454621917
445,32,5,1454622049
445,47,4.5,1454622061
445,110,5,1454621998
445,111,3,1454622227
446,2,3,843839379
446,10,3,843839232
446,11,4,843839379
446,16,3,843839544
446,17,5,843839379
446,21,3,843839290
446,25,3,843839504
446,32,4,843839327
446,34,5,843839272
446,39,3,843839306
446,45,3,843839593
446,47,4,843839250
446,50,4,843839306
446,95,4,843839401
446,141,4,843839420
446,150,3,843839122
446,151,4,843839401
446,153,1,843839149
446,160,3,843839327
446,165,3,843839149
446,168,1,843839441
446,172,2,843839441
446,186,3,843839401
446,208,2,843839207
446,223,4,843839575
446,224,4,843839544
446,231,1,843839168
447,2,5,836961067
447,10,3,836960825
447,31,4,836961195
447,44,5,836961153
447,48,3,836961178
447,110,5,836960849
447,145,3,836961393
447,150,4,836960590
447,153,4,836960630
447,160,2,836960918
447,165,4,836960630
447,168,4,836961179
447,225,4,836960872
447,227,3,836961347
448,1,5,1019126661
448,2,3,1019125424
448,3,3,1019128536
448,5,3,1019128415
448,10,4,1019124400
448,12,2,1019563753
448,16,5,1019138531
448,19,2,1019132168
448,20,3,1019124922
448,21,2,1019124231
448,32,2,1019132949
448,38,3,1019227804
448,47,4,1019132386
448,50,4,1064741727
448,65,1,1028111080
448,66,2,1019133230
448,95,2,1019124644
448,101,3.5,1076328586
448,104,3,1221250916
448,107,4,1019125396
448,122,2,1019128536
448,135,2,1178982000
448,145,4,1019124465
448,150,3,1019137611
448,153,2.5,1118166852
448,158,3,1019125583
448,161,4,1019137754
448,163,3.5,1074420419
448,165,4,1019142324
448,170,3,1019132497
448,172,2,1080549606
448,180,3.5,1058089154
448,185,2.5,1206217384
448,208,2,1019124858
448,216,3,1034506007
448,223,4,1059407171
448,231,3,1019128257
450,70,2,974705218
450,110,5,974704570
450,111,4,974705774
451,1,5,854089165
451,5,3,854089243
451,6,4,854089242
451,7,3,854089243
451,17,5,854089172
451,25,5,854089175
451,32,5,854089163
451,94,4,854089769
451,95,4,854089167
451,112,5,854089243
451,141,4,854089166
452,10,4,1013395144
452,44,4,1019580991
452,47,5,1019581177
452,69,5,1019585277
452,70,4,1013397998
452,110,5,1013394732
452,153,4,1019581098
452,163,4,1013394759
452,170,4,1019584677
453,1,5,1005966797
453,10,2,972621985
453,16,3,972622830
453,21,3,972621787
453,32,5,972621444
453,34,4,972622496
453,47,5,972622637
453,50,5,972621262
453,70,4,972622055
453,104,4,1005967193
453,110,5,972621723
453,112,5,1005968135
453,145,3,972622214
453,163,4,1005968155
453,165,5,972622184
453,196,3,1005967989
453,208,2,972622140
453,224,5,1005967174
453,231,5,1005967221
454,82,3.5,1279476639
454,101,3,1279476562
454,111,3.5,1284801892
455,11,4,836436201
455,34,4,836436023
455,50,3,836436049
455,62,4,836436499
455,110,4,836436000
455,111,3,836436083
455,150,3,836435811
455,151,3,836436222
455,161,4,836435930
455,165,3,836435854
455,225,3,836436023
456,1,5,856883308
456,3,3,856883349
456,5,3,856883349
456,9,4,856883450
456,32,3,856883308
456,64,3,856883540
456,65,2,856883450
456,74,4,856883468
456,79,2,856883417
456,104,3,856883383
456,135,3,856883417
456,140,4,856883417
456,141,4,856883308
457,34,2,993610564
457,110,5,993610382
457,223,5,993610877
458,2,4,845653124
458,5,3,845652992
458,10,4,845651737
458,21,5,845653030
458,27,5,845652968
458,39,4,845653086
458,48,3,845652560
458,62,5,845652560
458,95,5,845652537
458,110,5,845651761
458,150,5,845651602
458,153,5,845651650
458,161,5,845651737
458,165,4,845651650
458,185,5,845651761
458,195,4,845652931
458,207,5,845652931
458,208,3,845651737
458,222,5,845652931
458,225,5,845652629
465,95,3,959896430
465,111,5,959895977
465,164,4,959895860
467,41,4,919671922
467,58,5,919672099
468,1,4,831400444
468,32,4,831400500
468,39,5,831400519
468,47,5,831400545
468,110,4,831400500
468,111,3,831400545
468,150,5,831400406
468,153,3,831400427
468,160,2,831400545
468,161,2,831400464
468,165,3,831400444
468,185,3,831400500
468,208,3,831400480
468,225,4,831400499
468,231,2,831400464
469,1,4,965336888
469,6,3,965336673
469,10,2,965334356
469,11,3,965425831
469,29,4,965335401
469,32,5,965335350
469,36,3,965846167
469,39,2,965425327
469,44,1,965335037
469,45,4,965425742
469,47,4,965336711
469,50,4,965336630
469,70,2,965334011
469,89,4,965334954
469,110,5,965333863
469,111,5,965662075
469,112,3,965334011
469,185,3,965335837
469,196,2,965335966
469,208,3,965334556
469,223,3,965425699
470,1,4,849224825
470,2,3,849224778
470,3,3,849370396
470,5,3,849370453
470,6,3,849843318
470,7,3,849370453
470,10,3,849075144
470,14,4,849843318
470,19,3,849075545
470,21,3,849075545
470,26,3,849843245
470,32,3,849075682
470,34,4,849075432
470,36,4,849370395
470,39,3,849075682
470,41,3,849843245
470,43,3,849370292
470,47,3,849075299
470,50,3,849075545
470,62,3,849224778
470,95,3,849843245
470,110,5,849075143
470,150,3,849074736
470,153,4,849074824
470,161,3,849075143
470,165,3,849074824
470,185,3,849075143
470,208,3,849075143
470,225,3,849075682
470,231,3,849074900
471,1,5,1496671820
472,50,5,1345843346
472,135,3.5,1345842837
473,60,2,1169351160
474,1,4,978575760
474,2,3,1046886814
474,5,1.5,1053021982
474,6,3,1047054565
474,7,3,978576381
474,11,2.5,1053021437
474,14,3,1120827247
474,16,4,1088426731
474,17,5,974668666
474,21,4,1119232784
474,22,3,1046896006
474,24,3,1060105861
474,25,3.5,1127143175
474,26,3.5,1136942664
474,27,2,1069686414
474,28,4.5,1165540007
474,29,3.5,1053021379
474,31,3,1060105936
474,32,4,1081177409
474,34,4.5,1081177349
474,36,5,979180034
474,38,1,1089387538
474,39,3.5,1129579520
474,41,3.5,1089386983
474,43,3.5,1081177921
474,45,4,1014924369
474,46,3,1081178156
474,47,4,979180247
474,50,4,979179872
474,52,4,1004131663
474,57,3,1060105374
474,58,3.5,1126533613
474,62,2.5,1053021366
474,74,3,974669217
474,82,2.5,1121262740
474,92,3.5,1087832141
474,96,3.5,1053020997
474,100,2,1048710159
474,101,3.5,1081862489
474,104,2,978576279
474,107,3,1046886514
474,110,3,1137180852
474,111,4,994819405
474,116,3.5,1053021622
474,122,1,974669063
474,140,2.5,1053021739
474,150,4.5,1100119714
474,153,3,1046881303
474,160,1,1047055195
474,161,3.5,1053020992
474,162,3.5,1150143102
474,185,3,1069686436
474,195,1.5,1053021847
474,199,4.5,1107193580
474,207,1.5,1060105690
474,215,3.5,1087158195
474,216,1,1072654034
474,222,4,974669033
474,223,3.5,1089386951
474,224,3.5,1100292192
474,230,3.5,1100292191
474,232,4,1181348325
479,24,3,1039362593
479,31,3,1039362413
479,45,3,1039367502
479,82,5,1039362593
479,110,2,1039360660
479,135,1,1039360623
479,185,1,1039362088
479,186,3,1039367407
480,1,3,1179178004
480,2,3,1179178191
480,3,2.5,1179178556
480,6,4,1179162163
480,10,4,1179177922
480,16,4,1179161099
480,19,1.5,1179178233
480,21,2.5,1179161927
480,32,4,1179177844
480,34,4,1179178044
480,39,2.5,1179177930
480,47,4.5,1179177656
480,50,3.5,1179160287
480,60,2,1179159595
480,62,3.5,1179178063
480,69,2,1179161861
480,95,1,1179177869
480,101,5,1179160947
480,104,3,1179178373
480,110,5,1179160978
480,111,4.5,1179178077
480,147,4,1179160762
480,150,3.5,1179160667
480,153,1,1179177736
480,158,2.5,1179179133
480,160,2.5,1179178519
480,161,3.5,1179178010
480,163,3,1179178853
480,165,3,1179177627
480,168,2.5,1179178937
480,172,2.5,1179178886
480,173,2,1179178646
480,185,1,1179177954
480,196,1,1179179020
480,208,3,1179177803
480,223,1.5,1179161213
480,231,3,1179177739
488,1,4.5,1112382025
488,17,5,1112382176
488,26,2.5,1112382126
488,34,3,1112382292
488,36,4.5,1112382199
488,73,2.5,1112382455
488,105,3,1112381909
488,150,3.5,1112382786
488,168,1.5,1112381810
488,232,1.5,1112382297
489,2,2.5,1333101570
489,5,2,1385823772
489,7,4,1334587547
489,10,2.5,1333101410
489,11,1.5,1334170648
489,17,4.5,1332773255
489,18,2,1333234401
489,19,2,1333101593
489,21,2.5,1333101507
489,22,3.5,1333022826
489,32,3.5,1333023575
489,34,2,1333101391
489,39,3.5,1332772964
489,46,3.5,1333658594
489,47,3,1333101316
489,48,4,1334587634
489,70,2,1385823826
489,95,1.5,1333101502
489,105,4.5,1333231499
489,110,4.5,1332772116
489,111,3,1333101521
489,141,3.5,1333101499
489,150,3.5,1333023417
489,151,3.5,1332774582
489,153,3,1334169992
489,160,1,1334171163
489,161,3,1385823494
489,165,3,1333830649
489,168,0.5,1332774713
489,172,0.5,1332774588
489,185,0.5,1334170387
489,186,1.5,1332774765
489,231,2.5,1333101376
490,1,3.5,1328229305
490,5,0.5,1324370305
490,186,2,1324370360
490,215,4,1324374039
490,231,1.5,1328229372
491,104,2.5,1523814260
492,1,4,863975949
492,3,4,863976005
492,5,3,863976004
492,6,3,863976004
492,7,3,863976055
492,9,5,863976201
492,12,3,863976249
492,14,3,863976101
492,32,3,863975946
492,36,4,863976004
492,52,3,863976101
492,61,4,863976447
492,62,4,863975954
492,63,3,863976526
492,64,3,863976525
492,65,5,863976248
492,66,3,863976249
492,74,4,863976249
492,75,3,863976878
492,76,5,863976409
492,79,4,863976101
492,88,5,863976409
492,95,3,863975954
492,100,3,863976249
492,103,3,863976674
492,104,4,863976055
492,112,5,863976055
492,135,4,863976101
492,140,3,863976201
492,141,3,863975953
493,6,4,1001562846
493,110,5,1001562412
493,163,4,1001562930
494,110,5,1001666439
495,19,4.5,1458636447
495,50,4,1458634563
495,104,4.5,1458635979
495,145,4,1458636175
495,150,4.5,1458635325
495,158,3.5,1458636427
495,160,3,1458636521
495,173,0.5,1458636484
495,208,3,1458636389
495,216,4,1458636085
495,223,4,1458635676
495,231,4,1458636352
497,2,2.5,1429127190
497,19,4,1429127195
497,50,3,1429127291
497,111,5,1432417922
498,7,4,839197378
498,10,3,839197307
498,34,3,839197341
498,47,3,839197341
498,62,5,839197444
498,104,5,839197433
498,110,5,839197320
498,150,5,839197204
498,153,3,839196963
498,161,5,839197289
498,185,3,839197307
498,208,3,839197307
498,216,5,839197392
498,231,5,839197230
500,1,4,1005527755
500,11,1,1005528017
500,39,1,1005527926
500,101,1,1005527980
500,104,4,1005528065
500,176,5,1005527755
500,180,4,1005527980
500,216,4,1005527406
500,231,1,1005528039
501,2,3,844973419
501,3,5,844973817
501,5,3,844973535
501,6,3,844973487
501,7,4,844973817
501,8,3,844974090
501,10,4,844973340
501,11,3,844973340
501,15,1,844973980
501,16,3,844973535
501,17,3,844973419
501,18,5,844974006
501,20,1,844974037
501,21,3,844973340
501,25,2,844973487
501,27,3,844973931
501,32,3,844973340
501,36,3,844973487
501,45,3,844973535
501,50,3,844973340
501,61,3,844973980
501,62,3,844973487
501,73,2,844974214
501,86,3,844974037
501,93,3,844974090
501,95,4,844973419
501,103,3,844974425
501,112,3,844973559
501,135,2,844973980
501,141,5,844973419
502,45,3.5,1111757345
503,147,5,1335214520
503,175,4.5,1335214491
504,1,4,1063644695
504,22,3.5,1063644469
504,186,3,1063644456
505,47,5,1298780253
506,27,3,1424487740
506,39,5,1424487595
507,34,5,838964683
507,39,3,838964728
507,47,3,838964683
507,110,3,838964648
507,150,3,838964550
507,153,3,838964572
507,165,3,838964572
508,107,2,1268297485
508,135,1,1268297488
509,1,4,1435992343
509,5,1.5,1435992893
509,13,3,1436101243
509,17,3,1435992515
509,19,4,1436027225
509,28,3.5,1436031727
509,32,4,1435998135
509,34,3.5,1435998986
509,39,4,1435992749
509,48,3.5,1436000115
509,153,2,1436027234
509,231,2.5,1436027198
512,2,3,841449636
512,32,5,841449445
512,39,4,841449426
512,47,5,841449359
512,50,5,841449402
512,110,5,841449335
512,150,4,841449202
512,151,5,841449579
512,160,4,841449426
512,161,4,841449281
512,165,5,841449233
512,185,3,841449335
512,208,3,841449308
512,225,3,841449381
513,7,3,1159980407
513,32,4,1159980466
513,110,4,1159980717
513,150,4.5,1159980647
514,1,4,1533872400
514,11,4,1533949297
514,16,3.5,1533872553
514,22,3,1533947171
514,34,4,1533872519
514,44,2.5,1533945558
514,47,4,1533872325
514,62,4,1533949200
514,150,4,1533948837
514,161,4,1533948998
514,162,4,1537799250
514,185,3,1533946543
515,50,4.5,1513678307
517,1,4,1487954343
517,2,3,1487954340
517,10,0.5,1487957717
517,17,0.5,1487953834
517,34,5,1487954303
517,47,2,1487958109
517,107,1,1487956132
517,110,1.5,1487953160
517,158,2,1487954337
517,165,2.5,1487957639
536,45,5,832840081
536,110,5,832839862
536,150,5,832839783
536,165,2,832839804
536,196,1,832839926
536,225,4,832839862
536,232,2,832840090
538,158,4.5,1307845469
539,65,4.5,1332474525
539,88,3.5,1332474517
540,47,4.5,1179109020
540,145,3.5,1179107805
541,1,3,835643027
541,7,4,835644446
541,10,4,835642985
541,11,4,835643146
541,15,3,835643931
541,19,2,835643052
541,22,4,835643333
541,47,1,835643038
541,50,5,835643052
541,95,3,835643186
541,110,5,835643027
541,132,4,835643931
541,153,3,835642942
541,161,5,835642985
541,163,2,835643373
541,165,3,835642942
541,196,3,835643146
541,203,3,835643421
541,208,2,835643013
541,218,4,835643421
541,224,4,835643266
542,47,5,1163386913
542,141,4,1163387515
542,186,3.5,1163386601
543,135,5,1230602081
543,165,5,1377022834
543,213,0.5,1377069202
543,231,5,1377069313
544,1,3,850688537
544,3,3,850688562
544,14,3,850688581
544,32,3,850688537
544,40,5,850688776
544,62,5,850688537
544,68,5,850688776
544,95,4,850688537
544,116,5,850688776
545,44,2.5,1240358381
546,70,5,973588518
546,104,4,973588258
546,158,2,973588258
548,69,5,1488243429
549,110,3,1464282652
550,1,4,1488728441
551,47,4.5,1505548073
551,110,3.5,1504317349
552,3,1,1111472953
552,19,3.5,1111473056
552,25,3,1112151250
552,95,1.5,1111473067
552,104,3,1111472958
552,161,2.5,1111473069
552,173,1,1112151209
553,6,5,1219558120
553,16,5,1219558107
553,32,5,1219564918
553,42,4,1219559052
553,50,4,1219557525
553,165,4.5,1230773383
553,231,3.5,1230773406
554,170,5,944903307
555,1,4,978746159
555,3,5,978747454
555,19,3,980123949
555,21,4,978746440
555,24,5,978841879
555,29,4,978841345
555,32,4,978841464
555,39,4,978746326
555,50,5,978819462
555,65,3,980125946
555,72,3,978746552
555,75,3,980125866
555,88,4,980126008
555,104,5,978746676
555,110,5,978840250
555,116,3,980124922
555,141,4,978746874
555,145,4,978748996
555,150,4,978748797
555,153,3,978749155
555,155,1,978749372
555,160,2,978842115
555,172,2,978842115
555,173,1,978842149
555,185,3,978841950
555,186,3,978747317
555,187,5,978746596
555,196,3,978841950
555,203,3,978747627
555,216,3,978747041
555,218,4,978747454
555,231,4,978746933
557,10,4.5,1452797765
557,150,4.5,1452874576
557,165,5,1452797740
557,231,3.5,1452797746
558,94,3,1035415930
558,223,4,1035416048
559,1,5,865095758
559,2,4,845476032
559,6,5,865095857
559,10,3,845475880
559,15,3,845476569
559,19,2,845475946
559,32,3,845475965
559,34,5,845475917
559,36,4,845476089
559,39,3,845475987
559,48,3,845476159
559,58,4,865095758
559,66,3,865096234
559,76,3,865096444
559,95,4,865095801
559,104,3,845476382
559,107,3,845476830
559,110,4,845475880
559,112,3,845476335
559,135,3,865096085
559,145,3,845476229
559,150,3,845475789
559,153,3,845475828
559,160,2,845475987
559,161,3,845475880
559,165,3,845475827
559,168,3,845476105
559,173,3,845475999
559,174,1,845476569
559,185,3,845475896
559,186,3,845476065
559,196,3,845476032
559,204,2,845476056
559,207,4,845476370
559,218,5,845476352
559,227,3,845476247
560,1,3,1469653413
560,32,3.5,1469647882
560,34,2.5,1469647264
560,47,4,1469648029
560,48,2.5,1469654312
560,50,4,1469647239
560,70,4,1469653546
560,97,4,1469653182
560,110,4,1469652439
560,150,4,1469648079
560,163,3.5,1469654276
560,208,3.5,1469647278
560,223,4,1469657652
561,1,4,1491094681
561,2,4,1491094318
561,5,3,1491094488
561,6,4,1491092289
561,31,2.5,1491094481
561,32,3.5,1491091981
561,34,2.5,1491095062
561,39,3,1491091334
561,44,2,1491091620
561,47,4.5,1491091954
561,50,4.5,1491090860
561,110,5,1491090875
561,145,3,1491094544
561,185,2,1491094546
561,204,1.5,1491091780
561,216,2.5,1491094342
562,1,4.5,1368893997
562,50,4,1368894758
562,110,4,1368893870
562,150,3,1368893697
562,204,3,1368892062
562,223,4,1368893897
563,2,2.5,1447185161
563,34,2,1441846213
563,48,3.5,1440800284
564,39,3.5,1478453734
564,104,3,1478452443
565,19,3,846533399
565,21,3,846533399
565,32,5,846533428
565,34,4,846533367
565,47,4,846533338
565,50,5,846533399
565,150,3,846533209
565,153,2,846533245
565,165,3,846533245
565,231,3,846533273
566,2,4,849005893
566,7,4,849006845
566,10,3,849005345
566,11,5,849005826
566,17,5,849006000
566,21,4,849005643
566,25,2,849006116
566,32,4,849005720
566,39,4,849005720
566,50,5,849005642
566,57,3,849006827
566,110,5,849005345
566,141,5,849006000
566,144,3,849006827
566,150,3,849005096
566,151,4,849006044
566,161,4,849005345
566,165,3,849005206
566,203,4,849006776
566,208,1,849005345
566,224,4,849006887
566,231,2,849005257
567,1,3.5,1525286001
567,34,2.5,1525288053
567,50,1,1525282012
567,101,3,1525287210
568,50,5,1243576177
568,147,3,1243575917
569,10,4,849190709
569,50,3,849190709
569,153,5,849190609
569,165,5,849190610
569,185,4,849190739
569,231,3,849190632
570,1,4,1181476989
570,2,3.5,1181477805
570,10,3.5,1181477300
570,11,3.5,1181477768
570,25,4,1181477537
570,32,4,1181477032
570,34,3.5,1181477210
570,39,3,1181477492
570,47,3.5,1181477162
570,95,2.5,1181477499
570,110,3.5,1181476971
570,111,3,1181477646
570,141,2.5,1181477496
570,150,4,1181476644
570,153,2.5,1181477153
570,160,2.5,1181478331
570,161,3,1181477445
570,165,4,1181477140
570,185,2.5,1181477457
570,186,0.5,1181476009
570,208,2.5,1181477417
570,231,2.5,1181477261
571,12,1,966901337
571,70,2,966900368
571,152,2,966900418
572,1,4,945892484
572,17,5,945888053
572,21,5,945890765
572,62,4,945890338
572,111,4,945889997
572,150,4,945889951
572,161,3,946482678
573,1,5,1186722182
573,2,4.5,1187044862
573,6,4.5,1248842019
573,10,4.5,1186722464
573,47,5,1186589586
573,50,5,1248841981
573,104,5,1187044894
573,110,5,1186589227
573,150,3,1186722115
573,153,1.5,1186722291
573,163,5,1186589409
573,165,5,1186722398
573,185,3.5,1186722546
573,231,5,1186590109
591,24,2,970525102
591,223,4,970524802
592,2,4,837350242
592,6,3,837350390
592,10,3,837349966
592,15,4,837350747
592,19,4,837350082
592,21,3,837350081
592,24,4,837350801
592,39,4,837350111
592,44,3,837350308
592,93,3,837350801
592,95,3,837350282
592,110,5,837349998
592,112,3,837350598
592,141,3,837354395
592,145,3,837354148
592,150,5,837349827
592,153,3,837349868
592,158,4,837350308
592,160,3,837350111
592,161,4,837349924
592,163,5,837350419
592,165,3,837349867
592,173,3,837350176
592,177,1,837350786
592,185,3,837349966
592,196,3,837350221
592,198,5,837350578
592,204,3,837350260
592,208,4,837349966
592,225,3,837354309
592,231,3,837354238
593,34,4,1181008004
593,41,4,1181007216
593,50,4.5,1181007737
593,110,3,1181007627
593,141,4,1181008333
593,150,3,1181008132
593,231,2.5,1181008058
594,2,4,1109037094
594,3,4,1108798921
594,11,5,1109036973
594,17,4,1108972872
594,28,4.5,1108973143
594,39,4.5,1115885611
594,46,4.5,1108973615
594,48,4.5,1109038257
594,70,3.5,1108951120
594,110,5,1109036538
594,140,4.5,1108973651
594,145,4,1108975153
594,150,3.5,1109036542
594,158,4.5,1109038350
594,160,5,1108975463
594,165,4.5,1109036671
594,186,3.5,1111977569
594,196,4,1108951281
594,204,4.5,1108975087
594,208,5,1109036873
594,223,4,1109037031
595,50,5,938807286
596,1,4,1535709666
596,32,3.5,1535709749
596,34,4,1535827362
596,39,4,1535827547
596,50,3.5,1535709301
596,141,3.5,1535829766
596,150,3.5,1535827366
596,153,2.5,1535711533
599,1,3,1498524204
599,2,2.5,1498514085
599,3,1.5,1498505071
599,6,4.5,1498539623
599,7,2.5,1498514161
599,9,1.5,1498504960
599,10,3.5,1498500281
599,11,2.5,1498516445
599,12,1.5,1519181787
599,15,1.5,1519239842
599,16,3,1498523389
599,17,3.5,1498501103
599,18,3,1498523048
599,19,3,1498524930
599,20,1.5,1498504813
599,21,4,1498499235
599,23,1,1498503332
599,24,2.5,1498517444
599,26,2.5,1498518655
599,29,3.5,1498500987
599,31,2,1498511120
599,32,3,1498519822
599,39,3,1498525783
599,41,2.5,1498518847
599,42,3,1498525483
599,43,3,1519347048
599,44,2.5,1498517161
599,45,2.5,1498516640
599,47,4,1498499364
599,50,3.5,1498500777
599,52,3,1498525392
599,57,2.5,1519240604
599,60,2,1519118310
599,61,2.5,1519327817
599,65,2,1498511235
599,69,2.5,1498515243
599,70,3.5,1498501183
599,73,3,1519421396
599,75,1,1519353713
599,76,2.5,1498518457
599,79,2,1519336237
599,81,2.5,1498517265
599,87,0.5,1519184941
599,88,0.5,1498533540
599,89,2.5,1498517086
599,93,1.5,1498504070
599,95,2,1498510588
599,97,3,1519120150
599,100,2,1498511085
599,101,2.5,1498515741
599,104,2.5,1498516461
599,110,3.5,1498501202
599,111,3.5,1498500979
599,112,5,1498539725
599,141,3,1498523594
599,144,2.5,1519343783
599,145,3,1498524108
599,147,2.5,1519137306
599,150,2.5,1498518425
599,153,2,1498511246
599,155,2.5,1519366950
599,157,1.5,1519259638
599,158,1,1519124223
599,159,2.5,1498513783
599,160,2.5,1498514053
599,161,3.5,1498797906
599,163,3.5,1498501671
599,164,2.5,1498514387
599,165,3,1498521550
599,168,1.5,1498504534
599,170,3,1498525675
599,172,2,1498510855
599,173,2.5,1498514499
599,175,2.5,1498517973
599,180,3,1498521352
599,181,1,1519175718
599,185,2.5,1498514270
599,186,1.5,1498504452
599,188,2.5,1498518504
599,191,1.5,1519326661
599,193,1.5,1519124888
599,195,1.5,1519142337
599,196,2.5,1498516327
599,198,3,1498531881
599,203,2.5,1498514928
599,207,2.5,1519237998
599,208,2.5,1498516434
599,209,2.5,1498518003
599,210,2,1519256344
599,215,4.5,1498539255
599,216,2.5,1498516455
599,218,2,1498510964
599,223,3.5,1498500829
599,229,2.5,1498518838
599,230,2,1519183528
599,231,3.5,1498501223
602,2,4,840875851
602,6,3,840876055
602,10,3,840875622
602,11,3,840875825
602,14,5,840875999
602,16,3,840876085
602,19,2,840875700
602,21,4,840875720
602,22,3,840876417
602,25,4,840875998
602,29,2,840876620
602,32,3,840875779
602,34,1,840875700
602,36,3,840876228
602,39,5,840875757
602,45,5,840876055
602,47,5,840875668
602,50,5,840875720
602,52,3,840876566
602,95,3,840875901
602,100,3,840876228
602,110,5,840875647
602,125,3,840876475
602,141,4,840875901
602,144,3,840876566
602,150,4,840875508
602,151,4,840875876
602,153,4,840875538
602,158,3,840875930
602,160,3,840875757
602,161,4,840875594
602,163,3,840876620
602,164,4,840876085
602,165,5,840875538
602,170,3,840876475
602,171,3,840876566
602,172,3,840875930
602,173,3,840875801
602,176,4,840876086
602,185,3,840875647
602,193,2,840876620
602,194,2,840876597
602,198,3,840876055
602,204,4,840875901
602,208,3,840875622
602,215,3,840876123
602,224,3,840876123
602,225,3,840875700
602,229,3,840876123
602,230,4,840876228
602,231,2,840875558
603,1,4,963178147
603,6,4,963177624
603,16,4,963179585
603,17,3,954482210
603,21,5,963177624
603,25,4,954482181
603,28,5,953925191
603,29,2,963177361
603,30,4,963179273
603,32,3,963179615
603,34,4,963179273
603,36,4,953925157
603,39,5,954482276
603,45,4,963179538
603,52,1,963178236
603,53,5,963180003
603,57,2,963180025
603,58,3,954482414
603,62,1,963180075
603,70,4,953925705
603,77,4,954482106
603,82,1,963180075
603,85,5,953925191
603,97,4,963179791
603,99,5,954482070
603,101,4,963178236
603,105,1,954482571
603,108,4,954482070
603,110,1,963177645
603,111,5,953926758
603,112,4,963177385
603,121,4,953925072
603,123,3,954482255
603,125,4,963178281
603,145,4,963176570
603,149,2,963179615
603,153,1,963177510
603,156,2,963178259
603,162,5,954482046
603,163,5,954482505
603,164,4,953925390
603,166,4,963178761
603,172,2,963177950
603,175,5,963180153
603,176,4,963178102
603,184,4,963179880
603,187,4,963178398
603,190,3,1000194311
603,193,4,963176292
603,194,5,963179538
603,199,5,953926672
603,205,4,963178528
603,206,4,954482107
603,207,4,954482713
603,214,4,963179452
603,215,5,954482557
603,223,3,953925989
603,232,5,963178147
604,1,3,832079851
604,2,5,832080293
604,5,3,832080355
604,6,3,832080355
604,14,4,832081027
604,17,4,832080092
604,19,1,832080050
604,22,3,832080546
604,23,4,832081042
604,25,3,832080316
604,32,4,832079958
604,34,4,832079958
604,39,3,832079983
604,60,4,832080939
604,62,4,832080293
604,76,4,832080615
604,92,3,832080615
604,95,4,832080071
604,104,3,832081105
604,105,2,832080193
604,110,3,832079938
604,111,4,832079983
604,112,4,832080961
604,117,3,832080636
604,151,3,832080071
604,153,3,832079796
604,158,4,832080193
604,165,4,832079796
604,168,3,832080193
604,169,3,832081027
604,170,3,832080961
604,172,2,832080293
604,173,3,832080093
604,177,4,832081105
604,181,4,832081063
604,183,3,832080615
604,184,3,832080636
604,185,4,832079869
604,186,3,832080093
604,188,3,832080591
604,193,3,832080883
604,196,3,832080111
604,208,3,832079869
604,220,3,832080636
604,223,4,832080333
604,224,3,832080293
605,1,4,1277097561
605,2,3.5,1277176522
605,28,4,1277094943
605,73,3,1277094964
605,110,3,1277097540
605,150,5,1277096909
605,153,4,1277097287
606,1,2.5,1349082950
606,7,2.5,1171754710
606,11,2.5,1174349629
606,15,3.5,1171839063
606,17,4,1171838026
606,18,4,1171327151
606,19,2,1171814553
606,28,3.5,1173049970
606,29,4.5,1179419005
606,32,4,1173653921
606,36,3.5,1171820699
606,46,4,1171757334
606,47,3,1171927423
606,50,4.5,1171234887
606,58,3.5,1181771144
606,68,4,1171817003
606,70,4,1171733439
606,73,4,1171410274
606,80,4,1171409272
606,82,4,1175637619
606,92,3.5,1171365342
606,105,3.5,1171361541
606,110,3.5,1172969333
606,111,3.5,1171831405
606,140,3,1173396091
606,147,4,1173570342
606,154,4,1172968258
606,156,4,1171733425
606,157,4,1171234688
606,159,3.5,1171811156
606,168,2.5,1181509390
606,172,3,1172012520
606,175,3.5,1171810709
606,194,4,1171408317
606,198,4,1171756497
606,202,3,1172015598
606,207,3.5,1171837525
606,215,4,1173483991
606,223,4.5,1171322828
606,224,4,1171361082
606,225,3,1174348180
606,229,3.5,1171762349
606,231,2.5,1171927216
606,232,5,1171327224
608,1,2.5,1117408267
608,2,2,1117490786
608,3,2,1117504413
608,10,4,1117408486
608,16,4.5,1189471181
608,19,2,1117504385
608,21,3.5,1147210949
608,24,2,1117504646
608,31,3,1117504582
608,32,3.5,1117336682
608,34,3.5,1117491662
608,39,3,1117415401
608,44,0.5,1117504562
608,47,4.5,1117162426
608,48,0.5,1117161754
608,50,4.5,1117491010
608,63,0.5,1117506926
608,65,2,1117415653
608,70,3,1117415406
608,88,2.5,1117505159
608,93,2.5,1117506858
608,95,2,1117490752
608,104,3,1117504401
608,107,3,1117504903
608,110,4,1117162428
608,111,3,1147544014
608,141,3,1117506082
608,145,3.5,1117415368
608,150,2,1117162618
608,153,2.5,1117408484
608,158,0.5,1117161771
608,160,2.5,1117504410
608,163,3,1117162121
608,168,0.5,1117161738
608,170,4.5,1117504807
608,172,4,1117491626
608,173,3,1117408473
608,174,1.5,1117506975
608,180,2.5,1117337036
608,181,0.5,1117415643
608,185,3,1117415385
608,188,3.5,1117503407
608,193,3,1117504783
608,196,3,1117408480
608,203,2.5,1117504921
608,208,3,1117504330
608,216,2.5,1117504726
608,223,2.5,1117491315
608,231,3,1117504309
